{
  "Load test 100 users 100 requests each - getAllTasks" : {
    "transaction" : "Load test 100 users 100 requests each - getAllTasks",
    "sampleCount" : 10000,
    "errorCount" : 0,
    "errorPct" : 0.0,
    "meanResTime" : 1063.2455999999963,
    "medianResTime" : 22.0,
    "minResTime" : 2.0,
    "maxResTime" : 69756.0,
    "pct1ResTime" : 40.0,
    "pct2ResTime" : 46.0,
    "pct3ResTime" : 68810.94,
    "throughput" : 46.8937575030012,
    "receivedKBytesPerSec" : 12.181386226365547,
    "sentKBytesPerSec" : 6.45705059367497
  },
  "Total" : {
    "transaction" : "Total",
    "sampleCount" : 10000,
    "errorCount" : 0,
    "errorPct" : 0.0,
    "meanResTime" : 1063.2455999999963,
    "medianResTime" : 22.0,
    "minResTime" : 2.0,
    "maxResTime" : 69756.0,
    "pct1ResTime" : 40.0,
    "pct2ResTime" : 46.0,
    "pct3ResTime" : 68810.94,
    "throughput" : 46.8937575030012,
    "receivedKBytesPerSec" : 12.181386226365547,
    "sentKBytesPerSec" : 6.45705059367497
  }
}