{
  "Load test 100 users 100 requests each - getAllTasks" : {
    "transaction" : "Load test 100 users 100 requests each - getAllTasks",
    "sampleCount" : 10000,
    "errorCount" : 0,
    "errorPct" : 0.0,
    "meanResTime" : 1152.7939999999967,
    "medianResTime" : 26.0,
    "minResTime" : 2.0,
    "maxResTime" : 69770.0,
    "pct1ResTime" : 49.0,
    "pct2ResTime" : 58.0,
    "pct3ResTime" : 69118.88,
    "throughput" : 47.19162631782616,
    "receivedKBytesPerSec" : 12.258762305216564,
    "sentKBytesPerSec" : 6.498065733216299
  },
  "Total" : {
    "transaction" : "Total",
    "sampleCount" : 10000,
    "errorCount" : 0,
    "errorPct" : 0.0,
    "meanResTime" : 1152.7939999999967,
    "medianResTime" : 26.0,
    "minResTime" : 2.0,
    "maxResTime" : 69770.0,
    "pct1ResTime" : 49.0,
    "pct2ResTime" : 58.0,
    "pct3ResTime" : 69118.88,
    "throughput" : 47.19162631782616,
    "receivedKBytesPerSec" : 12.258762305216564,
    "sentKBytesPerSec" : 6.498065733216299
  }
}